[{"model": "admin.logentry", "pk": 1, "fields": {"action_time": "2022-04-26T19:52:18.035Z", "user": 1, "content_type": 7, "object_id": "01", "object_repr": "Nkosinathi", "action_flag": 1, "change_message": "[{\"added\": {}}]"}}, {"model": "admin.logentry", "pk": 2, "fields": {"action_time": "2022-04-26T20:36:06.191Z", "user": 1, "content_type": 7, "object_id": "01", "object_repr": "Nkosinathi", "action_flag": 2, "change_message": "[{\"changed\": {\"fields\": [\"Image\"]}}]"}}, {"model": "admin.logentry", "pk": 3, "fields": {"action_time": "2022-04-26T20:53:51.611Z", "user": 1, "content_type": 7, "object_id": "01", "object_repr": "Nkosinathi", "action_flag": 2, "change_message": "[{\"changed\": {\"fields\": [\"Profile caption\"]}}]"}}, {"model": "admin.logentry", "pk": 4, "fields": {"action_time": "2022-04-27T08:09:36.292Z", "user": 1, "content_type": 10, "object_id": "01", "object_repr": "Simply Marrions", "action_flag": 1, "change_message": "[{\"added\": {}}]"}}, {"model": "admin.logentry", "pk": 5, "fields": {"action_time": "2022-05-07T16:28:23.511Z", "user": 1, "content_type": 7, "object_id": "01", "object_repr": "Nkosinathi", "action_flag": 2, "change_message": "[{\"changed\": {\"fields\": [\"Image\"]}}]"}}, {"model": "admin.logentry", "pk": 6, "fields": {"action_time": "2022-05-07T16:28:57.679Z", "user": 1, "content_type": 7, "object_id": "01", "object_repr": "Nkosinathi", "action_flag": 2, "change_message": "[{\"changed\": {\"fields\": [\"Image\"]}}]"}}, {"model": "admin.logentry", "pk": 7, "fields": {"action_time": "2022-06-10T15:00:31.790Z", "user": 2, "content_type": 10, "object_id": "02", "object_repr": "CompuTech", "action_flag": 1, "change_message": "[{\"added\": {}}]"}}, {"model": "admin.logentry", "pk": 8, "fields": {"action_time": "2022-06-10T15:02:22.217Z", "user": 2, "content_type": 10, "object_id": "03", "object_repr": "ADB Auto", "action_flag": 1, "change_message": "[{\"added\": {}}]"}}, {"model": "admin.logentry", "pk": 9, "fields": {"action_time": "2022-06-10T15:03:12.454Z", "user": 2, "content_type": 10, "object_id": "01", "object_repr": "Simply Marrions", "action_flag": 2, "change_message": "[{\"changed\": {\"fields\": [\"Description\"]}}]"}}, {"model": "admin.logentry", "pk": 10, "fields": {"action_time": "2022-06-10T16:13:05.345Z", "user": 2, "content_type": 8, "object_id": "01", "object_repr": "GitHub", "action_flag": 1, "change_message": "[{\"added\": {}}]"}}, {"model": "admin.logentry", "pk": 11, "fields": {"action_time": "2022-06-10T16:13:45.790Z", "user": 2, "content_type": 8, "object_id": "02", "object_repr": "Facebook", "action_flag": 1, "change_message": "[{\"added\": {}}]"}}, {"model": "admin.logentry", "pk": 12, "fields": {"action_time": "2022-06-10T16:14:16.137Z", "user": 2, "content_type": 8, "object_id": "03", "object_repr": "WhatsApp", "action_flag": 1, "change_message": "[{\"added\": {}}]"}}, {"model": "admin.logentry", "pk": 13, "fields": {"action_time": "2022-06-10T16:14:24.592Z", "user": 2, "content_type": 8, "object_id": "04", "object_repr": "WhatsApp", "action_flag": 1, "change_message": "[{\"added\": {}}]"}}, {"model": "admin.logentry", "pk": 14, "fields": {"action_time": "2022-06-13T08:56:21.833Z", "user": 2, "content_type": 10, "object_id": "04", "object_repr": "Trimega Movies", "action_flag": 1, "change_message": "[{\"added\": {}}]"}}, {"model": "admin.logentry", "pk": 15, "fields": {"action_time": "2022-06-22T20:37:25.156Z", "user": 2, "content_type": 10, "object_id": "05", "object_repr": "HMS", "action_flag": 1, "change_message": "[{\"added\": {}}]"}}, {"model": "admin.logentry", "pk": 16, "fields": {"action_time": "2022-06-23T18:10:14.442Z", "user": 2, "content_type": 10, "object_id": "06", "object_repr": "Reservation", "action_flag": 1, "change_message": "[{\"added\": {}}]"}}, {"model": "admin.logentry", "pk": 17, "fields": {"action_time": "2022-06-24T15:46:15.764Z", "user": 2, "content_type": 10, "object_id": "07", "object_repr": "Wanted", "action_flag": 1, "change_message": "[{\"added\": {}}]"}}, {"model": "admin.logentry", "pk": 18, "fields": {"action_time": "2022-06-24T15:46:55.075Z", "user": 2, "content_type": 10, "object_id": "08", "object_repr": "Ingroove", "action_flag": 1, "change_message": "[{\"added\": {}}]"}}, {"model": "admin.logentry", "pk": 19, "fields": {"action_time": "2022-06-28T11:16:36.348Z", "user": 2, "content_type": 7, "object_id": "01", "object_repr": "Nkosinathi", "action_flag": 2, "change_message": "[{\"changed\": {\"fields\": [\"Image\"]}}]"}}, {"model": "admin.logentry", "pk": 20, "fields": {"action_time": "2022-11-16T12:06:34.247Z", "user": 2, "content_type": 11, "object_id": "1", "object_repr": "fa-brands fa-gi", "action_flag": 1, "change_message": "[{\"added\": {}}]"}}, {"model": "admin.logentry", "pk": 21, "fields": {"action_time": "2022-11-16T12:06:45.498Z", "user": 2, "content_type": 11, "object_id": "2", "object_repr": "fa-brands fa-li", "action_flag": 1, "change_message": "[{\"added\": {}}]"}}, {"model": "admin.logentry", "pk": 22, "fields": {"action_time": "2022-11-16T12:14:35.264Z", "user": 2, "content_type": 11, "object_id": "2", "object_repr": "fa-brands fa-li", "action_flag": 3, "change_message": ""}}, {"model": "admin.logentry", "pk": 23, "fields": {"action_time": "2022-11-16T12:14:35.438Z", "user": 2, "content_type": 11, "object_id": "1", "object_repr": "fa-brands fa-gi", "action_flag": 3, "change_message": ""}}, {"model": "admin.logentry", "pk": 24, "fields": {"action_time": "2022-11-16T12:15:51.805Z", "user": 2, "content_type": 11, "object_id": "1", "object_repr": "fa-brands fa-github-square", "action_flag": 1, "change_message": "[{\"added\": {}}]"}}, {"model": "admin.logentry", "pk": 25, "fields": {"action_time": "2022-11-16T12:16:09.306Z", "user": 2, "content_type": 11, "object_id": "2", "object_repr": "fa-brands fa-js", "action_flag": 1, "change_message": "[{\"added\": {}}]"}}, {"model": "admin.logentry", "pk": 26, "fields": {"action_time": "2022-11-16T12:16:17.273Z", "user": 2, "content_type": 11, "object_id": "3", "object_repr": "fa-brands fa-python", "action_flag": 1, "change_message": "[{\"added\": {}}]"}}, {"model": "admin.logentry", "pk": 27, "fields": {"action_time": "2022-11-16T12:16:25.340Z", "user": 2, "content_type": 11, "object_id": "4", "object_repr": "fa-brands fa-angular", "action_flag": 1, "change_message": "[{\"added\": {}}]"}}, {"model": "admin.logentry", "pk": 28, "fields": {"action_time": "2022-11-16T12:16:33.761Z", "user": 2, "content_type": 11, "object_id": "5", "object_repr": "fa-brands fa-react", "action_flag": 1, "change_message": "[{\"added\": {}}]"}}, {"model": "admin.logentry", "pk": 29, "fields": {"action_time": "2022-11-16T12:16:40.708Z", "user": 2, "content_type": 11, "object_id": "6", "object_repr": "fa-brands fa-aws", "action_flag": 1, "change_message": "[{\"added\": {}}]"}}, {"model": "admin.logentry", "pk": 30, "fields": {"action_time": "2022-11-16T12:16:47.339Z", "user": 2, "content_type": 11, "object_id": "7", "object_repr": "fa-brands fa-google", "action_flag": 1, "change_message": "[{\"added\": {}}]"}}, {"model": "admin.logentry", "pk": 31, "fields": {"action_time": "2022-11-16T12:16:55.684Z", "user": 2, "content_type": 11, "object_id": "8", "object_repr": "fa-brands fa-linkedin", "action_flag": 1, "change_message": "[{\"added\": {}}]"}}, {"model": "admin.logentry", "pk": 32, "fields": {"action_time": "2022-11-16T12:20:02.888Z", "user": 2, "content_type": 11, "object_id": "9", "object_repr": "fa-brands fa-html5", "action_flag": 1, "change_message": "[{\"added\": {}}]"}}, {"model": "admin.logentry", "pk": 33, "fields": {"action_time": "2022-11-16T12:20:14.653Z", "user": 2, "content_type": 11, "object_id": "10", "object_repr": "fa-brands fa-css3", "action_flag": 1, "change_message": "[{\"added\": {}}]"}}, {"model": "admin.logentry", "pk": 34, "fields": {"action_time": "2022-11-16T12:20:17.562Z", "user": 2, "content_type": 11, "object_id": "10", "object_repr": "fa-brands fa-css3", "action_flag": 2, "change_message": "[]"}}, {"model": "admin.logentry", "pk": 35, "fields": {"action_time": "2022-11-16T12:22:29.449Z", "user": 2, "content_type": 10, "object_id": "01", "object_repr": "Simply Marrions", "action_flag": 2, "change_message": "[{\"changed\": {\"fields\": [\"Tags\"]}}]"}}, {"model": "admin.logentry", "pk": 36, "fields": {"action_time": "2022-11-16T12:23:05.425Z", "user": 2, "content_type": 10, "object_id": "04", "object_repr": "Trimega Movies", "action_flag": 2, "change_message": "[{\"changed\": {\"fields\": [\"Tags\"]}}]"}}, {"model": "admin.logentry", "pk": 37, "fields": {"action_time": "2022-11-16T13:07:26.046Z", "user": 2, "content_type": 10, "object_id": "02", "object_repr": "CompuTech", "action_flag": 2, "change_message": "[{\"changed\": {\"fields\": [\"Tags\"]}}]"}}, {"model": "admin.logentry", "pk": 38, "fields": {"action_time": "2022-11-16T13:07:35.393Z", "user": 2, "content_type": 10, "object_id": "08", "object_repr": "Ingroove", "action_flag": 2, "change_message": "[{\"changed\": {\"fields\": [\"Tags\"]}}]"}}, {"model": "admin.logentry", "pk": 39, "fields": {"action_time": "2022-11-16T13:07:45.401Z", "user": 2, "content_type": 10, "object_id": "07", "object_repr": "Wanted", "action_flag": 2, "change_message": "[{\"changed\": {\"fields\": [\"Tags\"]}}]"}}, {"model": "admin.logentry", "pk": 40, "fields": {"action_time": "2022-11-16T13:07:51.482Z", "user": 2, "content_type": 10, "object_id": "06", "object_repr": "Reservation", "action_flag": 2, "change_message": "[{\"changed\": {\"fields\": [\"Tags\"]}}]"}}, {"model": "admin.logentry", "pk": 41, "fields": {"action_time": "2022-11-16T13:07:59.379Z", "user": 2, "content_type": 10, "object_id": "05", "object_repr": "HMS", "action_flag": 2, "change_message": "[{\"changed\": {\"fields\": [\"Tags\"]}}]"}}, {"model": "admin.logentry", "pk": 42, "fields": {"action_time": "2022-11-16T13:08:07.481Z", "user": 2, "content_type": 10, "object_id": "03", "object_repr": "ADB Auto", "action_flag": 2, "change_message": "[{\"changed\": {\"fields\": [\"Tags\"]}}]"}}, {"model": "admin.logentry", "pk": 43, "fields": {"action_time": "2022-11-16T13:10:02.919Z", "user": 2, "content_type": 11, "object_id": "1", "object_repr": "fa-brands fa-github", "action_flag": 2, "change_message": "[{\"changed\": {\"fields\": [\"Name\"]}}]"}}, {"model": "admin.logentry", "pk": 44, "fields": {"action_time": "2022-11-19T06:51:13.864Z", "user": 2, "content_type": 11, "object_id": "11", "object_repr": "https://img.icons8.com/color/48/000000/c-sharp-log", "action_flag": 1, "change_message": "[{\"added\": {}}]"}}, {"model": "admin.logentry", "pk": 45, "fields": {"action_time": "2022-11-19T06:51:25.516Z", "user": 2, "content_type": 11, "object_id": "12", "object_repr": "https://img.icons8.com/color/48/000000/xamarin.png", "action_flag": 1, "change_message": "[{\"added\": {}}]"}}, {"model": "admin.logentry", "pk": 46, "fields": {"action_time": "2022-11-19T06:51:37.148Z", "user": 2, "content_type": 11, "object_id": "13", "object_repr": "https://img.icons8.com/color/48/000000/python.png", "action_flag": 1, "change_message": "[{\"added\": {}}]"}}, {"model": "admin.logentry", "pk": 47, "fields": {"action_time": "2022-11-19T06:51:48.871Z", "user": 2, "content_type": 11, "object_id": "14", "object_repr": "https://img.icons8.com/color/48/000000/javascript.", "action_flag": 1, "change_message": "[{\"added\": {}}]"}}, {"model": "admin.logentry", "pk": 48, "fields": {"action_time": "2022-11-19T06:53:57.696Z", "user": 2, "content_type": 11, "object_id": "15", "object_repr": "https://img.icons8.com/color/48/000000/angularjs.png", "action_flag": 1, "change_message": "[{\"added\": {}}]"}}, {"model": "admin.logentry", "pk": 49, "fields": {"action_time": "2022-11-19T06:54:10.156Z", "user": 2, "content_type": 11, "object_id": "16", "object_repr": "https://img.icons8.com/color/48/000000/html-5.png", "action_flag": 1, "change_message": "[{\"added\": {}}]"}}, {"model": "admin.logentry", "pk": 50, "fields": {"action_time": "2022-11-19T06:54:22.855Z", "user": 2, "content_type": 11, "object_id": "17", "object_repr": "https://img.icons8.com/color/48/000000/css3.png", "action_flag": 1, "change_message": "[{\"added\": {}}]"}}, {"model": "admin.logentry", "pk": 51, "fields": {"action_time": "2022-11-19T06:54:40.321Z", "user": 2, "content_type": 11, "object_id": "18", "object_repr": "https://img.icons8.com/fluent/50/000000/mysql-logo.png", "action_flag": 1, "change_message": "[{\"added\": {}}]"}}, {"model": "admin.logentry", "pk": 52, "fields": {"action_time": "2022-11-19T06:54:56.363Z", "user": 2, "content_type": 11, "object_id": "19", "object_repr": "https://img.icons8.com/color/48/000000/firebase.png", "action_flag": 1, "change_message": "[{\"added\": {}}]"}}, {"model": "admin.logentry", "pk": 53, "fields": {"action_time": "2022-11-19T06:55:08.041Z", "user": 2, "content_type": 11, "object_id": "20", "object_repr": "https://www.vectorlogo.zone/logos/getpostman/getpostman-icon.svg", "action_flag": 1, "change_message": "[{\"added\": {}}]"}}, {"model": "admin.logentry", "pk": 54, "fields": {"action_time": "2022-11-19T06:55:24.630Z", "user": 2, "content_type": 11, "object_id": "21", "object_repr": "https://img.icons8.com/color/48/000000/git.png", "action_flag": 1, "change_message": "[{\"added\": {}}]"}}, {"model": "admin.logentry", "pk": 55, "fields": {"action_time": "2022-11-19T06:56:00.060Z", "user": 2, "content_type": 10, "object_id": "08", "object_repr": "Ingroove", "action_flag": 2, "change_message": "[{\"changed\": {\"fields\": [\"Tags\"]}}]"}}, {"model": "admin.logentry", "pk": 56, "fields": {"action_time": "2022-11-19T07:04:18.417Z", "user": 2, "content_type": 10, "object_id": "07", "object_repr": "Wanted", "action_flag": 2, "change_message": "[{\"changed\": {\"fields\": [\"Tags\"]}}]"}}, {"model": "admin.logentry", "pk": 57, "fields": {"action_time": "2022-11-19T07:04:44.204Z", "user": 2, "content_type": 10, "object_id": "06", "object_repr": "Reservation", "action_flag": 2, "change_message": "[{\"changed\": {\"fields\": [\"Tags\"]}}]"}}, {"model": "admin.logentry", "pk": 58, "fields": {"action_time": "2022-11-19T07:05:03.075Z", "user": 2, "content_type": 10, "object_id": "05", "object_repr": "HMS", "action_flag": 2, "change_message": "[{\"changed\": {\"fields\": [\"Tags\"]}}]"}}, {"model": "admin.logentry", "pk": 59, "fields": {"action_time": "2022-11-19T07:05:29.233Z", "user": 2, "content_type": 10, "object_id": "04", "object_repr": "Trimega Movies", "action_flag": 2, "change_message": "[{\"changed\": {\"fields\": [\"Tags\"]}}]"}}, {"model": "admin.logentry", "pk": 60, "fields": {"action_time": "2022-11-19T07:05:54.627Z", "user": 2, "content_type": 10, "object_id": "03", "object_repr": "ADB Auto", "action_flag": 2, "change_message": "[{\"changed\": {\"fields\": [\"Tags\"]}}]"}}, {"model": "admin.logentry", "pk": 61, "fields": {"action_time": "2022-11-19T07:06:17.028Z", "user": 2, "content_type": 10, "object_id": "02", "object_repr": "CompuTech", "action_flag": 2, "change_message": "[{\"changed\": {\"fields\": [\"Tags\"]}}]"}}, {"model": "admin.logentry", "pk": 62, "fields": {"action_time": "2022-11-19T07:06:34.938Z", "user": 2, "content_type": 10, "object_id": "01", "object_repr": "Simply Marrions", "action_flag": 2, "change_message": "[{\"changed\": {\"fields\": [\"Tags\"]}}]"}}, {"model": "admin.logentry", "pk": 63, "fields": {"action_time": "2022-11-19T07:08:32.532Z", "user": 2, "content_type": 11, "object_id": "10", "object_repr": "fa-brands fa-css3", "action_flag": 3, "change_message": ""}}, {"model": "admin.logentry", "pk": 64, "fields": {"action_time": "2022-11-19T07:08:32.753Z", "user": 2, "content_type": 11, "object_id": "9", "object_repr": "fa-brands fa-html5", "action_flag": 3, "change_message": ""}}, {"model": "admin.logentry", "pk": 65, "fields": {"action_time": "2022-11-19T07:08:32.952Z", "user": 2, "content_type": 11, "object_id": "8", "object_repr": "fa-brands fa-linkedin", "action_flag": 3, "change_message": ""}}, {"model": "admin.logentry", "pk": 66, "fields": {"action_time": "2022-11-19T07:08:33.219Z", "user": 2, "content_type": 11, "object_id": "7", "object_repr": "fa-brands fa-google", "action_flag": 3, "change_message": ""}}, {"model": "admin.logentry", "pk": 67, "fields": {"action_time": "2022-11-19T07:08:33.662Z", "user": 2, "content_type": 11, "object_id": "6", "object_repr": "fa-brands fa-aws", "action_flag": 3, "change_message": ""}}, {"model": "admin.logentry", "pk": 68, "fields": {"action_time": "2022-11-19T07:08:33.986Z", "user": 2, "content_type": 11, "object_id": "5", "object_repr": "fa-brands fa-react", "action_flag": 3, "change_message": ""}}, {"model": "admin.logentry", "pk": 69, "fields": {"action_time": "2022-11-19T07:08:34.132Z", "user": 2, "content_type": 11, "object_id": "4", "object_repr": "fa-brands fa-angular", "action_flag": 3, "change_message": ""}}, {"model": "admin.logentry", "pk": 70, "fields": {"action_time": "2022-11-19T07:08:34.342Z", "user": 2, "content_type": 11, "object_id": "3", "object_repr": "fa-brands fa-python", "action_flag": 3, "change_message": ""}}, {"model": "admin.logentry", "pk": 71, "fields": {"action_time": "2022-11-19T07:08:34.608Z", "user": 2, "content_type": 11, "object_id": "2", "object_repr": "fa-brands fa-js", "action_flag": 3, "change_message": ""}}, {"model": "admin.logentry", "pk": 72, "fields": {"action_time": "2022-11-19T07:08:34.831Z", "user": 2, "content_type": 11, "object_id": "1", "object_repr": "fa-brands fa-github", "action_flag": 3, "change_message": ""}}, {"model": "admin.logentry", "pk": 73, "fields": {"action_time": "2022-11-19T07:10:07.065Z", "user": 2, "content_type": 11, "object_id": "11", "object_repr": "https://img.icons8.com/color/48/000000/c-sharp-logo-2.png", "action_flag": 2, "change_message": "[{\"changed\": {\"fields\": [\"Name\"]}}]"}}, {"model": "admin.logentry", "pk": 74, "fields": {"action_time": "2022-11-19T07:11:09.496Z", "user": 2, "content_type": 11, "object_id": "14", "object_repr": "https://img.icons8.com/color/48/000000/javascript.png", "action_flag": 2, "change_message": "[{\"changed\": {\"fields\": [\"Name\"]}}]"}}, {"model": "admin.logentry", "pk": 75, "fields": {"action_time": "2022-11-19T07:11:38.303Z", "user": 2, "content_type": 10, "object_id": "01", "object_repr": "Simply Marrions", "action_flag": 2, "change_message": "[{\"changed\": {\"fields\": [\"Tags\"]}}]"}}, {"model": "admin.logentry", "pk": 76, "fields": {"action_time": "2022-11-19T07:12:13.289Z", "user": 2, "content_type": 10, "object_id": "03", "object_repr": "ADB Auto", "action_flag": 2, "change_message": "[{\"changed\": {\"fields\": [\"Tags\"]}}]"}}, {"model": "admin.logentry", "pk": 77, "fields": {"action_time": "2022-11-19T07:13:24.297Z", "user": 2, "content_type": 10, "object_id": "07", "object_repr": "Wanted", "action_flag": 2, "change_message": "[{\"changed\": {\"fields\": [\"Tags\"]}}]"}}, {"model": "admin.logentry", "pk": 78, "fields": {"action_time": "2022-11-19T07:52:16.440Z", "user": 2, "content_type": 7, "object_id": "01", "object_repr": "Nkosinathi", "action_flag": 2, "change_message": "[{\"changed\": {\"fields\": [\"Image\"]}}]"}}, {"model": "admin.logentry", "pk": 79, "fields": {"action_time": "2022-11-19T07:53:22.434Z", "user": 2, "content_type": 7, "object_id": "01", "object_repr": "Nkosinathi", "action_flag": 2, "change_message": "[{\"changed\": {\"fields\": [\"Image\"]}}]"}}, {"model": "admin.logentry", "pk": 80, "fields": {"action_time": "2022-11-19T08:28:55.649Z", "user": 2, "content_type": 7, "object_id": "01", "object_repr": "Nkosinathi", "action_flag": 2, "change_message": "[{\"changed\": {\"fields\": [\"Image\"]}}]"}}, {"model": "admin.logentry", "pk": 81, "fields": {"action_time": "2022-11-24T18:45:03.221Z", "user": 2, "content_type": 12, "object_id": "1", "object_repr": "Having worked at Huawei as a telecommunications engineer (intern), I have grasped the required skills and understanding about telecommunications and and networking. From the planning stage to, buildin", "action_flag": 1, "change_message": "[{\"added\": {}}]"}}, {"model": "admin.logentry", "pk": 82, "fields": {"action_time": "2022-11-24T19:04:25.794Z", "user": 2, "content_type": 12, "object_id": "2", "object_repr": "2018 was a year to remember. During this year, one of my CS lectures inform me that he had signed me up for a skills competition, which at that time would be held in KZN. A competition in which the yo", "action_flag": 1, "change_message": "[{\"added\": {}}]"}}, {"model": "admin.logentry", "pk": 83, "fields": {"action_time": "2022-11-24T19:25:59.215Z", "user": 2, "content_type": 12, "object_id": "2", "object_repr": "2018 was a year to remember. During this year, one of my CS lectures inform me that he had signed me up for a skills competition, which at that time would be held in KZN. A competition in which the yo", "action_flag": 2, "change_message": "[{\"changed\": {\"fields\": [\"StyleId\"]}}]"}}, {"model": "admin.logentry", "pk": 84, "fields": {"action_time": "2022-11-24T19:27:33.696Z", "user": 2, "content_type": 12, "object_id": "1", "object_repr": "Having worked at Huawei as a telecommunications engineer (intern), I have grasped the required skills and understanding about telecommunications and and networking. From the planning stage to, buildin", "action_flag": 2, "change_message": "[{\"changed\": {\"fields\": [\"StyleId\"]}}]"}}, {"model": "admin.logentry", "pk": 85, "fields": {"action_time": "2022-11-26T13:11:04.089Z", "user": 2, "content_type": 12, "object_id": "3", "object_repr": "It is a long established fact that a reader will be distracted by the readable content of a page when looking at its layout. The point of using Lorem Ipsum is that it has a more-or-less normal distrib", "action_flag": 1, "change_message": "[{\"added\": {}}]"}}, {"model": "admin.logentry", "pk": 86, "fields": {"action_time": "2022-11-26T13:11:48.575Z", "user": 2, "content_type": 12, "object_id": "4", "object_repr": "There are many variations of passages of Lorem Ipsum available, but the majority have suffered alteration in some form, by injected humour, or randomised words which don't look even slightly believabl", "action_flag": 1, "change_message": "[{\"added\": {}}]"}}, {"model": "admin.logentry", "pk": 87, "fields": {"action_time": "2022-11-26T13:32:20.025Z", "user": 2, "content_type": 12, "object_id": "5", "object_repr": "Contrary to popular belief, Lorem Ipsum is not simply random text. It has roots in a piece of classical Latin literature from 45 BC, making it over 2000 years old. Richard McClintock, a Latin professo", "action_flag": 1, "change_message": "[{\"added\": {}}]"}}, {"model": "admin.logentry", "pk": 88, "fields": {"action_time": "2022-11-29T11:05:24.048Z", "user": 2, "content_type": 13, "object_id": "1", "object_repr": "Python", "action_flag": 1, "change_message": "[{\"added\": {}}]"}}, {"model": "admin.logentry", "pk": 89, "fields": {"action_time": "2022-11-29T11:05:38.160Z", "user": 2, "content_type": 13, "object_id": "2", "object_repr": "HTML", "action_flag": 1, "change_message": "[{\"added\": {}}]"}}, {"model": "admin.logentry", "pk": 90, "fields": {"action_time": "2022-11-29T11:05:52.227Z", "user": 2, "content_type": 13, "object_id": "3", "object_repr": "CSS", "action_flag": 1, "change_message": "[{\"added\": {}}]"}}, {"model": "admin.logentry", "pk": 91, "fields": {"action_time": "2022-11-29T11:06:20.406Z", "user": 2, "content_type": 13, "object_id": "4", "object_repr": "C#", "action_flag": 1, "change_message": "[{\"added\": {}}]"}}, {"model": "admin.logentry", "pk": 92, "fields": {"action_time": "2022-11-29T11:06:57.149Z", "user": 2, "content_type": 13, "object_id": "5", "object_repr": "Typescript", "action_flag": 1, "change_message": "[{\"added\": {}}]"}}, {"model": "admin.logentry", "pk": 93, "fields": {"action_time": "2022-11-29T11:07:29.672Z", "user": 2, "content_type": 13, "object_id": "6", "object_repr": "JavaScript", "action_flag": 1, "change_message": "[{\"added\": {}}]"}}, {"model": "admin.logentry", "pk": 94, "fields": {"action_time": "2022-11-29T11:08:00.979Z", "user": 2, "content_type": 13, "object_id": "3", "object_repr": "CSS", "action_flag": 3, "change_message": ""}}, {"model": "admin.logentry", "pk": 95, "fields": {"action_time": "2022-11-29T11:08:01.246Z", "user": 2, "content_type": 13, "object_id": "2", "object_repr": "HTML", "action_flag": 3, "change_message": ""}}, {"model": "admin.logentry", "pk": 96, "fields": {"action_time": "2022-11-29T11:08:23.404Z", "user": 2, "content_type": 13, "object_id": "7", "object_repr": "Html", "action_flag": 1, "change_message": "[{\"added\": {}}]"}}, {"model": "admin.logentry", "pk": 97, "fields": {"action_time": "2022-11-29T11:08:31.719Z", "user": 2, "content_type": 13, "object_id": "8", "object_repr": "Css", "action_flag": 1, "change_message": "[{\"added\": {}}]"}}, {"model": "admin.logentry", "pk": 98, "fields": {"action_time": "2022-11-29T11:08:53.887Z", "user": 2, "content_type": 13, "object_id": "9", "object_repr": "Django", "action_flag": 1, "change_message": "[{\"added\": {}}]"}}, {"model": "admin.logentry", "pk": 99, "fields": {"action_time": "2022-11-29T11:09:29.320Z", "user": 2, "content_type": 13, "object_id": "10", "object_repr": "Xamarin Forms", "action_flag": 1, "change_message": "[{\"added\": {}}]"}}, {"model": "admin.logentry", "pk": 100, "fields": {"action_time": "2022-11-29T11:09:41.107Z", "user": 2, "content_type": 13, "object_id": "11", "object_repr": "React Native", "action_flag": 1, "change_message": "[{\"added\": {}}]"}}, {"model": "admin.logentry", "pk": 101, "fields": {"action_time": "2022-11-29T11:10:08.401Z", "user": 2, "content_type": 13, "object_id": "12", "object_repr": "React JS", "action_flag": 1, "change_message": "[{\"added\": {}}]"}}, {"model": "admin.logentry", "pk": 102, "fields": {"action_time": "2022-11-29T11:10:24.151Z", "user": 2, "content_type": 13, "object_id": "13", "object_repr": "Angular", "action_flag": 1, "change_message": "[{\"added\": {}}]"}}, {"model": "admin.logentry", "pk": 103, "fields": {"action_time": "2022-11-29T11:11:52.288Z", "user": 2, "content_type": 13, "object_id": "14", "object_repr": "AI / ML", "action_flag": 1, "change_message": "[{\"added\": {}}]"}}, {"model": "admin.logentry", "pk": 104, "fields": {"action_time": "2022-11-29T11:12:20.243Z", "user": 2, "content_type": 13, "object_id": "15", "object_repr": "SQL / MySQL", "action_flag": 1, "change_message": "[{\"added\": {}}]"}}, {"model": "admin.logentry", "pk": 105, "fields": {"action_time": "2022-11-29T11:12:38.018Z", "user": 2, "content_type": 13, "object_id": "16", "object_repr": "Firebase NoSQL", "action_flag": 1, "change_message": "[{\"added\": {}}]"}}, {"model": "admin.logentry", "pk": 106, "fields": {"action_time": "2022-11-29T11:12:51.198Z", "user": 2, "content_type": 13, "object_id": "17", "object_repr": "GIT", "action_flag": 1, "change_message": "[{\"added\": {}}]"}}, {"model": "admin.logentry", "pk": 107, "fields": {"action_time": "2022-11-29T11:13:57.517Z", "user": 2, "content_type": 13, "object_id": "18", "object_repr": ".NET", "action_flag": 1, "change_message": "[{\"added\": {}}]"}}, {"model": "admin.logentry", "pk": 108, "fields": {"action_time": "2022-11-29T11:14:04.368Z", "user": 2, "content_type": 13, "object_id": "19", "object_repr": "AWS", "action_flag": 1, "change_message": "[{\"added\": {}}]"}}, {"model": "admin.logentry", "pk": 109, "fields": {"action_time": "2022-11-29T11:14:21.478Z", "user": 2, "content_type": 13, "object_id": "20", "object_repr": "Linux OS", "action_flag": 1, "change_message": "[{\"added\": {}}]"}}, {"model": "admin.logentry", "pk": 110, "fields": {"action_time": "2022-11-30T07:09:09.637Z", "user": 2, "content_type": 12, "object_id": "5", "object_repr": "Contrary to popular belief, Lorem Ipsum is not simply random text. It has roots in a piece of classical Latin literature from 45 BC, making it over 2000 years old. Richard McClintock, a Latin professo", "action_flag": 3, "change_message": ""}}, {"model": "admin.logentry", "pk": 111, "fields": {"action_time": "2022-11-30T07:09:09.997Z", "user": 2, "content_type": 12, "object_id": "4", "object_repr": "There are many variations of passages of Lorem Ipsum available, but the majority have suffered alteration in some form, by injected humour, or randomised words which don't look even slightly believabl", "action_flag": 3, "change_message": ""}}, {"model": "admin.logentry", "pk": 112, "fields": {"action_time": "2022-11-30T07:09:34.106Z", "user": 2, "content_type": 12, "object_id": "3", "object_repr": "It is a long established fact that a reader will be distracted by the readable content of a page when looking at its layout. The point of using Lorem Ipsum is that it has a more-or-less normal distrib", "action_flag": 3, "change_message": ""}}, {"model": "admin.logentry", "pk": 113, "fields": {"action_time": "2022-11-30T15:29:40.738Z", "user": 2, "content_type": 10, "object_id": "05", "object_repr": "Hospital management System", "action_flag": 2, "change_message": "[{\"changed\": {\"fields\": [\"Title\"]}}]"}}, {"model": "admin.logentry", "pk": 114, "fields": {"action_time": "2022-11-30T15:30:02.475Z", "user": 2, "content_type": 10, "object_id": "05", "object_repr": "Hospital Management System", "action_flag": 2, "change_message": "[{\"changed\": {\"fields\": [\"Title\"]}}]"}}, {"model": "admin.logentry", "pk": 115, "fields": {"action_time": "2022-12-02T10:48:44.334Z", "user": 2, "content_type": 13, "object_id": "21", "object_repr": "Photoshop", "action_flag": 1, "change_message": "[{\"added\": {}}]"}}, {"model": "admin.logentry", "pk": 116, "fields": {"action_time": "2022-12-02T10:49:33.794Z", "user": 2, "content_type": 13, "object_id": "21", "object_repr": "Photoshop", "action_flag": 3, "change_message": ""}}, {"model": "admin.logentry", "pk": 117, "fields": {"action_time": "2022-12-02T10:49:55.443Z", "user": 2, "content_type": 13, "object_id": "22", "object_repr": "Postman", "action_flag": 1, "change_message": "[{\"added\": {}}]"}}, {"model": "admin.logentry", "pk": 118, "fields": {"action_time": "2022-12-02T10:50:21.688Z", "user": 2, "content_type": 13, "object_id": "23", "object_repr": "Adobe XD", "action_flag": 1, "change_message": "[{\"added\": {}}]"}}, {"model": "admin.logentry", "pk": 119, "fields": {"action_time": "2022-12-02T10:50:54.643Z", "user": 2, "content_type": 13, "object_id": "24", "object_repr": "Photoshop", "action_flag": 1, "change_message": "[{\"added\": {}}]"}}, {"model": "admin.logentry", "pk": 120, "fields": {"action_time": "2022-12-06T11:26:46.338Z", "user": 2, "content_type": 10, "object_id": "08", "object_repr": "Ingroove", "action_flag": 2, "change_message": "[{\"changed\": {\"fields\": [\"Description\"]}}]"}}, {"model": "admin.logentry", "pk": 121, "fields": {"action_time": "2022-12-06T11:29:18.869Z", "user": 2, "content_type": 10, "object_id": "07", "object_repr": "Wanted", "action_flag": 2, "change_message": "[{\"changed\": {\"fields\": [\"Description\", \"Link\"]}}]"}}, {"model": "admin.logentry", "pk": 122, "fields": {"action_time": "2022-12-06T13:17:28.563Z", "user": 2, "content_type": 10, "object_id": "05", "object_repr": "Hospital Management System", "action_flag": 2, "change_message": "[{\"changed\": {\"fields\": [\"Description\"]}}]"}}, {"model": "admin.logentry", "pk": 123, "fields": {"action_time": "2022-12-06T13:19:34.817Z", "user": 2, "content_type": 10, "object_id": "06", "object_repr": "Reservation", "action_flag": 2, "change_message": "[{\"changed\": {\"fields\": [\"Description\"]}}]"}}, {"model": "admin.logentry", "pk": 124, "fields": {"action_time": "2022-12-06T13:21:50.078Z", "user": 2, "content_type": 10, "object_id": "08", "object_repr": "Ingroove", "action_flag": 2, "change_message": "[{\"changed\": {\"fields\": [\"Link\"]}}]"}}, {"model": "admin.logentry", "pk": 125, "fields": {"action_time": "2022-12-06T13:21:57.585Z", "user": 2, "content_type": 10, "object_id": "07", "object_repr": "Wanted", "action_flag": 2, "change_message": "[]"}}, {"model": "admin.logentry", "pk": 126, "fields": {"action_time": "2022-12-06T13:24:02.886Z", "user": 2, "content_type": 10, "object_id": "06", "object_repr": "Reservation", "action_flag": 2, "change_message": "[{\"changed\": {\"fields\": [\"Link\"]}}]"}}, {"model": "admin.logentry", "pk": 127, "fields": {"action_time": "2022-12-06T13:24:35.829Z", "user": 2, "content_type": 10, "object_id": "05", "object_repr": "Hospital Management System", "action_flag": 2, "change_message": "[{\"changed\": {\"fields\": [\"Link\"]}}]"}}, {"model": "admin.logentry", "pk": 128, "fields": {"action_time": "2022-12-06T13:25:09.741Z", "user": 2, "content_type": 10, "object_id": "04", "object_repr": "Trimega Movies", "action_flag": 2, "change_message": "[{\"changed\": {\"fields\": [\"Link\"]}}]"}}, {"model": "admin.logentry", "pk": 129, "fields": {"action_time": "2022-12-06T13:25:24.710Z", "user": 2, "content_type": 10, "object_id": "03", "object_repr": "ADB Auto", "action_flag": 2, "change_message": "[{\"changed\": {\"fields\": [\"Link\"]}}]"}}, {"model": "admin.logentry", "pk": 130, "fields": {"action_time": "2022-12-06T13:25:36.932Z", "user": 2, "content_type": 10, "object_id": "08", "object_repr": "Ingroove", "action_flag": 2, "change_message": "[{\"changed\": {\"fields\": [\"Link\"]}}]"}}, {"model": "admin.logentry", "pk": 131, "fields": {"action_time": "2022-12-06T13:25:54.601Z", "user": 2, "content_type": 10, "object_id": "04", "object_repr": "Trimega Movies", "action_flag": 2, "change_message": "[{\"changed\": {\"fields\": [\"Link\"]}}]"}}, {"model": "admin.logentry", "pk": 132, "fields": {"action_time": "2022-12-06T13:25:59.551Z", "user": 2, "content_type": 10, "object_id": "03", "object_repr": "ADB Auto", "action_flag": 2, "change_message": "[]"}}, {"model": "admin.logentry", "pk": 133, "fields": {"action_time": "2022-12-06T13:26:07.854Z", "user": 2, "content_type": 10, "object_id": "02", "object_repr": "CompuTech", "action_flag": 2, "change_message": "[{\"changed\": {\"fields\": [\"Link\"]}}]"}}, {"model": "admin.logentry", "pk": 134, "fields": {"action_time": "2022-12-06T13:26:14.654Z", "user": 2, "content_type": 10, "object_id": "01", "object_repr": "Simply Marrions", "action_flag": 2, "change_message": "[{\"changed\": {\"fields\": [\"Link\"]}}]"}}, {"model": "auth.permission", "pk": 1, "fields": {"name": "Can add log entry", "content_type": 1, "codename": "add_logentry"}}, {"model": "auth.permission", "pk": 2, "fields": {"name": "Can change log entry", "content_type": 1, "codename": "change_logentry"}}, {"model": "auth.permission", "pk": 3, "fields": {"name": "Can delete log entry", "content_type": 1, "codename": "delete_logentry"}}, {"model": "auth.permission", "pk": 4, "fields": {"name": "Can view log entry", "content_type": 1, "codename": "view_logentry"}}, {"model": "auth.permission", "pk": 5, "fields": {"name": "Can add permission", "content_type": 2, "codename": "add_permission"}}, {"model": "auth.permission", "pk": 6, "fields": {"name": "Can change permission", "content_type": 2, "codename": "change_permission"}}, {"model": "auth.permission", "pk": 7, "fields": {"name": "Can delete permission", "content_type": 2, "codename": "delete_permission"}}, {"model": "auth.permission", "pk": 8, "fields": {"name": "Can view permission", "content_type": 2, "codename": "view_permission"}}, {"model": "auth.permission", "pk": 9, "fields": {"name": "Can add group", "content_type": 3, "codename": "add_group"}}, {"model": "auth.permission", "pk": 10, "fields": {"name": "Can change group", "content_type": 3, "codename": "change_group"}}, {"model": "auth.permission", "pk": 11, "fields": {"name": "Can delete group", "content_type": 3, "codename": "delete_group"}}, {"model": "auth.permission", "pk": 12, "fields": {"name": "Can view group", "content_type": 3, "codename": "view_group"}}, {"model": "auth.permission", "pk": 13, "fields": {"name": "Can add user", "content_type": 4, "codename": "add_user"}}, {"model": "auth.permission", "pk": 14, "fields": {"name": "Can change user", "content_type": 4, "codename": "change_user"}}, {"model": "auth.permission", "pk": 15, "fields": {"name": "Can delete user", "content_type": 4, "codename": "delete_user"}}, {"model": "auth.permission", "pk": 16, "fields": {"name": "Can view user", "content_type": 4, "codename": "view_user"}}, {"model": "auth.permission", "pk": 17, "fields": {"name": "Can add content type", "content_type": 5, "codename": "add_contenttype"}}, {"model": "auth.permission", "pk": 18, "fields": {"name": "Can change content type", "content_type": 5, "codename": "change_contenttype"}}, {"model": "auth.permission", "pk": 19, "fields": {"name": "Can delete content type", "content_type": 5, "codename": "delete_contenttype"}}, {"model": "auth.permission", "pk": 20, "fields": {"name": "Can view content type", "content_type": 5, "codename": "view_contenttype"}}, {"model": "auth.permission", "pk": 21, "fields": {"name": "Can add session", "content_type": 6, "codename": "add_session"}}, {"model": "auth.permission", "pk": 22, "fields": {"name": "Can change session", "content_type": 6, "codename": "change_session"}}, {"model": "auth.permission", "pk": 23, "fields": {"name": "Can delete session", "content_type": 6, "codename": "delete_session"}}, {"model": "auth.permission", "pk": 24, "fields": {"name": "Can view session", "content_type": 6, "codename": "view_session"}}, {"model": "auth.permission", "pk": 25, "fields": {"name": "Can add person", "content_type": 7, "codename": "add_person"}}, {"model": "auth.permission", "pk": 26, "fields": {"name": "Can change person", "content_type": 7, "codename": "change_person"}}, {"model": "auth.permission", "pk": 27, "fields": {"name": "Can delete person", "content_type": 7, "codename": "delete_person"}}, {"model": "auth.permission", "pk": 28, "fields": {"name": "Can view person", "content_type": 7, "codename": "view_person"}}, {"model": "auth.permission", "pk": 29, "fields": {"name": "Can add social", "content_type": 8, "codename": "add_social"}}, {"model": "auth.permission", "pk": 30, "fields": {"name": "Can change social", "content_type": 8, "codename": "change_social"}}, {"model": "auth.permission", "pk": 31, "fields": {"name": "Can delete social", "content_type": 8, "codename": "delete_social"}}, {"model": "auth.permission", "pk": 32, "fields": {"name": "Can view social", "content_type": 8, "codename": "view_social"}}, {"model": "auth.permission", "pk": 33, "fields": {"name": "Can add platform", "content_type": 9, "codename": "add_platform"}}, {"model": "auth.permission", "pk": 34, "fields": {"name": "Can change platform", "content_type": 9, "codename": "change_platform"}}, {"model": "auth.permission", "pk": 35, "fields": {"name": "Can delete platform", "content_type": 9, "codename": "delete_platform"}}, {"model": "auth.permission", "pk": 36, "fields": {"name": "Can view platform", "content_type": 9, "codename": "view_platform"}}, {"model": "auth.permission", "pk": 37, "fields": {"name": "Can add project", "content_type": 10, "codename": "add_project"}}, {"model": "auth.permission", "pk": 38, "fields": {"name": "Can change project", "content_type": 10, "codename": "change_project"}}, {"model": "auth.permission", "pk": 39, "fields": {"name": "Can delete project", "content_type": 10, "codename": "delete_project"}}, {"model": "auth.permission", "pk": 40, "fields": {"name": "Can view project", "content_type": 10, "codename": "view_project"}}, {"model": "auth.permission", "pk": 41, "fields": {"name": "Can add tag", "content_type": 11, "codename": "add_tag"}}, {"model": "auth.permission", "pk": 42, "fields": {"name": "Can change tag", "content_type": 11, "codename": "change_tag"}}, {"model": "auth.permission", "pk": 43, "fields": {"name": "Can delete tag", "content_type": 11, "codename": "delete_tag"}}, {"model": "auth.permission", "pk": 44, "fields": {"name": "Can view tag", "content_type": 11, "codename": "view_tag"}}, {"model": "auth.permission", "pk": 45, "fields": {"name": "Can add information", "content_type": 12, "codename": "add_information"}}, {"model": "auth.permission", "pk": 46, "fields": {"name": "Can change information", "content_type": 12, "codename": "change_information"}}, {"model": "auth.permission", "pk": 47, "fields": {"name": "Can delete information", "content_type": 12, "codename": "delete_information"}}, {"model": "auth.permission", "pk": 48, "fields": {"name": "Can view information", "content_type": 12, "codename": "view_information"}}, {"model": "auth.permission", "pk": 49, "fields": {"name": "Can add skils", "content_type": 13, "codename": "add_skils"}}, {"model": "auth.permission", "pk": 50, "fields": {"name": "Can change skils", "content_type": 13, "codename": "change_skils"}}, {"model": "auth.permission", "pk": 51, "fields": {"name": "Can delete skils", "content_type": 13, "codename": "delete_skils"}}, {"model": "auth.permission", "pk": 52, "fields": {"name": "Can view skils", "content_type": 13, "codename": "view_skils"}}, {"model": "auth.permission", "pk": 53, "fields": {"name": "Can add skills", "content_type": 13, "codename": "add_skills"}}, {"model": "auth.permission", "pk": 54, "fields": {"name": "Can change skills", "content_type": 13, "codename": "change_skills"}}, {"model": "auth.permission", "pk": 55, "fields": {"name": "Can delete skills", "content_type": 13, "codename": "delete_skills"}}, {"model": "auth.permission", "pk": 56, "fields": {"name": "Can view skills", "content_type": 13, "codename": "view_skills"}}, {"model": "auth.permission", "pk": 57, "fields": {"name": "Can add skill", "content_type": 13, "codename": "add_skill"}}, {"model": "auth.permission", "pk": 58, "fields": {"name": "Can change skill", "content_type": 13, "codename": "change_skill"}}, {"model": "auth.permission", "pk": 59, "fields": {"name": "Can delete skill", "content_type": 13, "codename": "delete_skill"}}, {"model": "auth.permission", "pk": 60, "fields": {"name": "Can view skill", "content_type": 13, "codename": "view_skill"}}, {"model": "auth.user", "pk": 1, "fields": {"password": "pbkdf2_sha256$260000$XnzCeLbs7PiBpDek5pMZm7$rqcbRCeyx7T7CeMXSEkPtmwyX2aiPlm2TO+cCovag0U=", "last_login": "2022-04-26T19:50:31.991Z", "is_superuser": true, "username": "nkosinathi", "first_name": "", "last_name": "", "email": "77marrion@gmail.com", "is_staff": true, "is_active": true, "date_joined": "2022-04-26T19:13:39.302Z", "groups": [], "user_permissions": []}}, {"model": "auth.user", "pk": 2, "fields": {"password": "pbkdf2_sha256$260000$gFnICQINpjP3eP3wLwIVv3$oCv6EHQihPaR3yrRf66wgB4BG0QVkqGa9iE82UtiIow=", "last_login": "2022-11-30T15:29:03.249Z", "is_superuser": true, "username": "admin", "first_name": "", "last_name": "", "email": "77marrion@gmail.com", "is_staff": true, "is_active": true, "date_joined": "2022-06-09T09:14:47.132Z", "groups": [], "user_permissions": []}}, {"model": "contenttypes.contenttype", "pk": 1, "fields": {"app_label": "admin", "model": "logentry"}}, {"model": "contenttypes.contenttype", "pk": 2, "fields": {"app_label": "auth", "model": "permission"}}, {"model": "contenttypes.contenttype", "pk": 3, "fields": {"app_label": "auth", "model": "group"}}, {"model": "contenttypes.contenttype", "pk": 4, "fields": {"app_label": "auth", "model": "user"}}, {"model": "contenttypes.contenttype", "pk": 5, "fields": {"app_label": "contenttypes", "model": "contenttype"}}, {"model": "contenttypes.contenttype", "pk": 6, "fields": {"app_label": "sessions", "model": "session"}}, {"model": "contenttypes.contenttype", "pk": 7, "fields": {"app_label": "dashboard", "model": "person"}}, {"model": "contenttypes.contenttype", "pk": 8, "fields": {"app_label": "dashboard", "model": "social"}}, {"model": "contenttypes.contenttype", "pk": 9, "fields": {"app_label": "dashboard", "model": "platform"}}, {"model": "contenttypes.contenttype", "pk": 10, "fields": {"app_label": "dashboard", "model": "project"}}, {"model": "contenttypes.contenttype", "pk": 11, "fields": {"app_label": "dashboard", "model": "tag"}}, {"model": "contenttypes.contenttype", "pk": 12, "fields": {"app_label": "dashboard", "model": "information"}}, {"model": "contenttypes.contenttype", "pk": 13, "fields": {"app_label": "dashboard", "model": "skill"}}, {"model": "sessions.session", "pk": "4wvd5lu9xwd3hlzkm8lmupz2ggp8n19j", "fields": {"session_data": ".eJxVjDsOwjAQRO_iGlnx36akzxmstXeNA8iR4qRC3J1ESgHdaN6bebMI21rj1mmJE7Irk-zy2yXIT2oHwAe0-8zz3NZlSvxQ-Ek7H2ek1-10_w4q9LqvQToayFgjXTbOFJDJqz2hCiEojQq1FcVLGtCAt1ZYCsUbQUJo1BDY5wvNFTcs:1p0P1D:N6_-rlTmZb3Q7OA8j93j4TGPMTeHKIXi6Xc-e8g1J1o", "expire_date": "2022-12-14T15:29:03.800Z"}}, {"model": "sessions.session", "pk": "bdjmrdm5ogtzj153qeu2o8zr7mr0l0ts", "fields": {"session_data": ".eJxVjDsOwjAQRO_iGlnx36akzxmstXeNA8iR4qRC3J1ESgHdaN6bebMI21rj1mmJE7Irk-zy2yXIT2oHwAe0-8zz3NZlSvxQ-Ek7H2ek1-10_w4q9LqvQToayFgjXTbOFJDJqz2hCiEojQq1FcVLGtCAt1ZYCsUbQUJo1BDY5wvNFTcs:1nzEFv:j25MWmY_smpK2ECqyiaD3M-8oCX3LWhE9HOkFXlZUXI", "expire_date": "2022-06-23T09:15:07.685Z"}}, {"model": "sessions.session", "pk": "en6espjt67du0xubuisk5ajtiwsgwlhu", "fields": {"session_data": ".eJxVjDsOwjAQRO_iGlnx36akzxmstXeNA8iR4qRC3J1ESgHdaN6bebMI21rj1mmJE7Irk-zy2yXIT2oHwAe0-8zz3NZlSvxQ-Ek7H2ek1-10_w4q9LqvQToayFgjXTbOFJDJqz2hCiEojQq1FcVLGtCAt1ZYCsUbQUJo1BDY5wvNFTcs:1o4RFv:-uLjYpHONHoUJ0qUuwcHqpcrw9ZrviEFF3GJeb17Ln8", "expire_date": "2022-07-07T18:08:39.686Z"}}, {"model": "sessions.session", "pk": "lbuu0irponno9etfyrbe0hz4ze0efjwm", "fields": {"session_data": ".eJxVjDsOwjAQRO_iGlnx36akzxmstXeNA8iR4qRC3J1ESgHdaN6bebMI21rj1mmJE7Irk-zy2yXIT2oHwAe0-8zz3NZlSvxQ-Ek7H2ek1-10_w4q9LqvQToayFgjXTbOFJDJqz2hCiEojQq1FcVLGtCAt1ZYCsUbQUJo1BDY5wvNFTcs:1o475G:XwpOLKo8AjyDmZ-2Q--ow8mBBnaPLTu-qt6dzZrgWhs", "expire_date": "2022-07-06T20:36:18.885Z"}}, {"model": "sessions.session", "pk": "mewd92f0fiwmd0zxr3gbi1us96sf1gfq", "fields": {"session_data": ".eJxVjDsOwjAQRO_iGlnx36akzxmstXeNA8iR4qRC3J1ESgHdaN6bebMI21rj1mmJE7Irk-zy2yXIT2oHwAe0-8zz3NZlSvxQ-Ek7H2ek1-10_w4q9LqvQToayFgjXTbOFJDJqz2hCiEojQq1FcVLGtCAt1ZYCsUbQUJo1BDY5wvNFTcs:1ovFmB:cl9gHJtyN02ktZ14QHdTD3fgkBrCaL3qnir7FHnML6E", "expire_date": "2022-11-30T10:36:15.573Z"}}, {"model": "sessions.session", "pk": "nur689h19sfage3f9m36qbjgoen2gnht", "fields": {"session_data": ".eJxVjDsOwjAQBe_iGln-JbYp6TmDtevd4ACypTipEHeHSCmgfTPzXiLBtpa0dV7STOIstDj9bgj5wXUHdId6azK3ui4zyl2RB-3y2oifl8P9OyjQy7cGH8wExhKD8gbI58GBw4FVQHTE2qqsDUMI0RofJ-ARrSbl0eGYoxfvD_oeOFI:1njRCi:YQCn5ylMBAZd5daC-I6wCSblxdSPAxqNC2nZkueUZcI", "expire_date": "2022-05-10T19:50:32.149Z"}}, {"model": "dashboard.person", "pk": "01", "fields": {"name": "Nkosinathi", "middle_name": "Marrion", "surname": "Mabuza", "profile_caption": "full stack developer", "email": "77marrion@gmail.com", "cell": "0684168106", "description": "nothing to say for now", "image": "profiles/WhatsApp_Image_2022-03-15_irJ6zoY.jpeg"}}, {"model": "dashboard.tag", "pk": 11, "fields": {"name": "https://img.icons8.com/color/48/000000/c-sharp-logo-2.png"}}, {"model": "dashboard.tag", "pk": 12, "fields": {"name": "https://img.icons8.com/color/48/000000/xamarin.png"}}, {"model": "dashboard.tag", "pk": 13, "fields": {"name": "https://img.icons8.com/color/48/000000/python.png"}}, {"model": "dashboard.tag", "pk": 14, "fields": {"name": "https://img.icons8.com/color/48/000000/javascript.png"}}, {"model": "dashboard.tag", "pk": 15, "fields": {"name": "https://img.icons8.com/color/48/000000/angularjs.png"}}, {"model": "dashboard.tag", "pk": 16, "fields": {"name": "https://img.icons8.com/color/48/000000/html-5.png"}}, {"model": "dashboard.tag", "pk": 17, "fields": {"name": "https://img.icons8.com/color/48/000000/css3.png"}}, {"model": "dashboard.tag", "pk": 18, "fields": {"name": "https://img.icons8.com/fluent/50/000000/mysql-logo.png"}}, {"model": "dashboard.tag", "pk": 19, "fields": {"name": "https://img.icons8.com/color/48/000000/firebase.png"}}, {"model": "dashboard.tag", "pk": 20, "fields": {"name": "https://www.vectorlogo.zone/logos/getpostman/getpostman-icon.svg"}}, {"model": "dashboard.tag", "pk": 21, "fields": {"name": "https://img.icons8.com/color/48/000000/git.png"}}, {"model": "dashboard.project", "pk": "01", "fields": {"title": "Simply Marrions", "description": "Simply Marrions is a software solutions company owned by me. The company aims to develop its own solutions to be used by the public and become a well known franchise for its outstanding (mobile / web / IOT) solutions.\r\nWebsite built with Django and SQL database", "image": "posters/Screenshot_2022-04-26_235927.png", "link": "https://github.com/MarrionNM/", "tags": [14, 16, 17, 20, 21]}}, {"model": "dashboard.project", "pk": "02", "fields": {"title": "CompuTech", "description": "A desktop retail application for selling computer parts to customers. Built using .NET and MySQL database.", "image": "posters/CompuTech.png", "link": "https://github.com/MarrionNM/", "tags": [11, 18, 20, 21]}}, {"model": "dashboard.project", "pk": "03", "fields": {"title": "ADB Auto", "description": "Retail applications simulating the ADB franchise, selling automotive parts to consumers. built with .NET and MySQL database", "image": "posters/ADB_Auto.png", "link": "https://github.com/MarrionNM/", "tags": [11, 18, 20, 21]}}, {"model": "dashboard.project", "pk": "04", "fields": {"title": "Trimega Movies", "description": "Movies application running on an Angular framework with the IMDB API.\r\n\r\nWatch all your favorite movies/series/anime as you wish, view every cast member involved in the film or series.", "image": "posters/Movies.png", "link": "https://github.com/MarrionNM/", "tags": [14, 15, 16, 17, 20, 21]}}, {"model": "dashboard.project", "pk": "05", "fields": {"title": "Hospital Management System", "description": "A desktop system catered for all hospital needs. From clients booking appointments to doctors managing clients and new ones. Manage all the hospitals in a region to changing employments from nurses to doctors and all its patients.", "image": "posters/HMS.png", "link": "https://github.com/MarrionNM/HospitalManagementSytem", "tags": [11, 18, 20, 21]}}, {"model": "dashboard.project", "pk": "06", "fields": {"title": "Reservation", "description": "A restaurant reservation system for its customers. Customers reserves a table on a particular date and select their prefers dish for the day.", "image": "posters/Reservations.png", "link": "https://github.com/MarrionNM/", "tags": [11, 18, 20, 21]}}, {"model": "dashboard.project", "pk": "07", "fields": {"title": "Wanted", "description": "Know all about the worlds most wanted terrorist. Using the FBI most wanted API, the app reads the data and visualizes it to the user.", "image": "posters/Screenshot_20220622_235324_com.companyname.wanted.jpg", "link": "https://github.com/MarrionNM/Wanted", "tags": [11, 12, 20, 21]}}, {"model": "dashboard.project", "pk": "08", "fields": {"title": "Ingroove", "description": "Event booking mobile application. Organize and manage all your events with a click of a button. Advertise, and showcase all of your events on a single screen to anyone and everyone.", "image": "posters/Screenshot_20220622_223843_com.companyname.ingroove.jpg", "link": "https://github.com/MarrionNM/", "tags": [11, 12, 19, 20, 21]}}, {"model": "dashboard.information", "pk": 1, "fields": {"information": "Having worked at Huawei as a telecommunications engineer (intern), I have grasped the required skills and understanding about telecommunications and and networking. From the planning stage to, building and development, and all the to maintenance and documentation.", "image": "info/WhatsApp_Image_2022-03-15_UocWdNv.jpeg", "styleId": "top"}}, {"model": "dashboard.information", "pk": 2, "fields": {"information": "2018 was a year to remember. During this year, one of my CS lectures inform me that he had signed me up for a skills competition, which at that time would be held in KZN. A competition in which the youth from all around South Africa would come together and showcase their skills in all fields. We would be trailed and tested to our limits only to get the best out of the best, and only then, the best out of each skill will be chosen to represent South Africa in the World Skills Competition that was held in Kazan, Russia 2019. This final stage tests us on an international level as all the countries bring fourth the best of the best they have. What an honor it was to be in the forefront of the battle field to wave the south African flag up high  with pride as South Africa's \"Information Technology Software Solutions for Business\" architect.", "image": "info/IMG-20190823-WA0034.jpg", "styleId": "side"}}, {"model": "dashboard.skill", "pk": 1, "fields": {"skill": "Python", "rate": 92}}, {"model": "dashboard.skill", "pk": 4, "fields": {"skill": "C#", "rate": 94}}, {"model": "dashboard.skill", "pk": 5, "fields": {"skill": "Typescript", "rate": 74}}, {"model": "dashboard.skill", "pk": 6, "fields": {"skill": "JavaScript", "rate": 80}}, {"model": "dashboard.skill", "pk": 7, "fields": {"skill": "Html", "rate": 96}}, {"model": "dashboard.skill", "pk": 8, "fields": {"skill": "Css", "rate": 84}}, {"model": "dashboard.skill", "pk": 9, "fields": {"skill": "Django", "rate": 87}}, {"model": "dashboard.skill", "pk": 10, "fields": {"skill": "Xamarin Forms", "rate": 94}}, {"model": "dashboard.skill", "pk": 11, "fields": {"skill": "React Native", "rate": 89}}, {"model": "dashboard.skill", "pk": 12, "fields": {"skill": "React JS", "rate": 84}}, {"model": "dashboard.skill", "pk": 13, "fields": {"skill": "Angular", "rate": 74}}, {"model": "dashboard.skill", "pk": 14, "fields": {"skill": "AI / ML", "rate": 72}}, {"model": "dashboard.skill", "pk": 15, "fields": {"skill": "SQL / MySQL", "rate": 93}}, {"model": "dashboard.skill", "pk": 16, "fields": {"skill": "Firebase NoSQL", "rate": 91}}, {"model": "dashboard.skill", "pk": 17, "fields": {"skill": "GIT", "rate": 98}}, {"model": "dashboard.skill", "pk": 18, "fields": {"skill": ".NET", "rate": 98}}, {"model": "dashboard.skill", "pk": 19, "fields": {"skill": "AWS", "rate": 74}}, {"model": "dashboard.skill", "pk": 20, "fields": {"skill": "Linux OS", "rate": 96}}, {"model": "dashboard.skill", "pk": 22, "fields": {"skill": "Postman", "rate": 89}}, {"model": "dashboard.skill", "pk": 23, "fields": {"skill": "Adobe XD", "rate": 94}}, {"model": "dashboard.skill", "pk": 24, "fields": {"skill": "Photoshop", "rate": 62}}]